                  epoch,         train/box_loss,         train/cls_loss,         train/dfl_loss,   metrics/precision(B),      metrics/recall(B),       metrics/mAP50(B),    metrics/mAP50-95(B),           val/box_loss,           val/cls_loss,           val/dfl_loss,                 lr/pg0,                 lr/pg1,                 lr/pg2
                      1,                  3.056,                 4.2143,                 4.0641,                0.00395,                0.70596,                0.01115,                 0.0036,                 3.0401,                 3.7384,                 4.3081,             0.00033081,             0.00033081,             0.00033081
                      2,                 2.6902,                 3.7315,                 3.3511,                0.10946,                0.20091,                0.06925,                 0.0233,                 2.2334,                 3.9461,                 3.0835,             0.00053264,             0.00053264,             0.00053264
                      3,                 2.1632,                 3.3418,                 2.8153,                0.20359,                0.26914,                0.14991,                0.06096,                 1.9196,                 3.2093,                 2.6416,             0.00060247,             0.00060247,             0.00060247
                      4,                 1.8605,                 2.9928,                  2.478,                0.31799,                0.36383,                0.25555,                0.12727,                 1.6825,                 2.5136,                  2.418,               0.000406,               0.000406,               0.000406
                      5,                 1.6824,                 2.7256,                 2.2861,                0.39278,                0.45045,                0.36755,                0.21175,                  1.513,                 2.2125,                 2.2174,               0.000208,               0.000208,               0.000208
